,indicator,RR,RR_L,RR_H,beta,se,P_value,percent_change,percent_change_L,percent_change_H,pollution,value
intrcpt,lag01,1.001777348,0.998826374,1.004737042,0.001775771,0.001505146,0.238079952,0.18,-0.12,0.47,PM2.5lag01,"0.18 (-0.12, 0.47)"
intrcpt1,lag01,1.040305038,0.985363805,1.098309647,0.039513976,0.027682825,0.153469714,4.03,-1.46,9.83,BClag01,"4.03 (-1.46, 9.83)"
intrcpt3,lag01,1.003412821,0.99858511,1.008263871,0.00340701,0.002460664,0.166177979,0.34,-0.14,0.83,OMlag01,"0.34 (-0.14, 0.83)"
intrcpt5,lag01,1.010426176,0.988955625,1.03236286,0.010372198,0.010958171,0.343880158,1.04,-1.1,3.24,SO4lag01,"1.04 (-1.10, 3.24)"
intrcpt7,lag01,1.007217049,0.99307164,1.021563948,0.007191131,0.007216124,0.318989548,0.72,-0.69,2.16,NO3lag01,"0.72 (-0.69, 2.16)"
intrcpt9,lag01,1.013729944,0.987824649,1.040314594,0.013636542,0.013207459,0.301843592,1.37,-1.22,4.03,NH4lag01,"1.37 (-1.22, 4.03)"
intrcpt15,lag01,1.040589456,0.958725974,1.129443078,0.039787337,0.041804757,0.341227912,4.06,-4.13,12.94,cllag01,"4.06 (-4.13, 12.94)"
